phase,group,index,time_ms,cycles
keygen,KG_fixed_randomness,0,12.265421,25915142
keygen,KG_real_randomness,0,11.652368,24611426
keygen,KG_real_randomness,1,12.539347,26484224
keygen,KG_real_randomness,2,12.147814,25656526
keygen,KG_fixed_randomness,1,13.551905,28622946
keygen,KG_real_randomness,3,16.343595,34518276
keygen,KG_fixed_randomness,2,16.412340,34663674
keygen,KG_fixed_randomness,3,17.790824,37574998
keygen,KG_fixed_randomness,4,16.780812,35441616
keygen,KG_fixed_randomness,5,16.463108,34771160
keygen,KG_fixed_randomness,6,16.677518,35224576
keygen,KG_real_randomness,4,23.827707,50324622
keygen,KG_real_randomness,5,30.931112,65327166
keygen,KG_fixed_randomness,7,18.698191,39491330
keygen,KG_real_randomness,6,15.436798,32605056
keygen,KG_fixed_randomness,8,16.945578,35789460
keygen,KG_real_randomness,7,17.481883,36922400
keygen,KG_real_randomness,8,16.274254,34371708
keygen,KG_real_randomness,9,16.382270,34600068
keygen,KG_fixed_randomness,9,13.121678,27714110
keygen,C_freshKey_randomInput,0,18.441334,38950408
encaps,C_freshKey_randomInput,0,32.488594,68616378
decaps,C_freshKey_randomInput,0,49.647491,104856026
encaps,G0_fixedKey_fixedInput,0,35.063517,74054864
decaps,G0_fixedKey_fixedInput,0,46.065808,97291484
keygen,B_freshKey_fixedInput,0,13.573901,28668464
encaps,B_freshKey_fixedInput,0,27.385470,57838502
decaps,B_freshKey_fixedInput,0,41.901119,88495704
keygen,C_freshKey_randomInput,1,13.169130,27813714
encaps,C_freshKey_randomInput,1,24.237496,51190024
decaps,C_freshKey_randomInput,1,43.667981,92227302
encaps,G0_fixedKey_fixedInput,1,25.355751,53552147
decaps,G0_fixedKey_fixedInput,1,39.625499,83689469
keygen,B_freshKey_fixedInput,1,12.306405,25991660
encaps,B_freshKey_fixedInput,1,30.936283,65338608
decaps,B_freshKey_fixedInput,1,39.669677,83782718
encaps,A_fixedKey_randomInput,0,26.567129,56111172
decaps,A_fixedKey_randomInput,0,58.697906,123970645
encaps,G0_fixedKey_fixedInput,2,42.487966,89735326
decaps,G0_fixedKey_fixedInput,2,62.833191,132704276
encaps,A_fixedKey_randomInput,1,26.714908,56422900
decaps,A_fixedKey_randomInput,1,55.362362,116926885
keygen,C_freshKey_randomInput,2,15.858455,33493760
encaps,C_freshKey_randomInput,2,26.632777,56248830
decaps,C_freshKey_randomInput,2,58.812445,124212352
encaps,G0_fixedKey_fixedInput,3,30.828860,65110990
decaps,G0_fixedKey_fixedInput,3,52.520858,110924597
keygen,C_freshKey_randomInput,3,16.616259,35096056
encaps,C_freshKey_randomInput,3,32.517188,68676787
decaps,C_freshKey_randomInput,3,51.693859,109177972
keygen,C_freshKey_randomInput,4,15.587036,32921928
encaps,C_freshKey_randomInput,4,25.705021,54289348
decaps,C_freshKey_randomInput,4,41.317681,87263386
keygen,C_freshKey_randomInput,5,13.732567,29007604
encaps,C_freshKey_randomInput,5,26.031873,54979766
decaps,C_freshKey_randomInput,5,49.389399,104310890
keygen,B_freshKey_fixedInput,2,18.603757,39291976
encaps,B_freshKey_fixedInput,2,36.572309,77241198
decaps,B_freshKey_fixedInput,2,58.934905,124471240
encaps,A_fixedKey_randomInput,2,33.900370,71599428
decaps,A_fixedKey_randomInput,2,48.149449,101692168
encaps,G0_fixedKey_fixedInput,4,23.381147,49381568
decaps,G0_fixedKey_fixedInput,4,45.263526,95597046
keygen,B_freshKey_fixedInput,3,11.535071,24362472
encaps,B_freshKey_fixedInput,3,24.458286,51656148
decaps,B_freshKey_fixedInput,3,52.270121,110395122
encaps,A_fixedKey_randomInput,3,34.435518,72730560
decaps,A_fixedKey_randomInput,3,54.995662,116151476
encaps,G0_fixedKey_fixedInput,5,41.534261,87721944
decaps,G0_fixedKey_fixedInput,5,58.316929,123165882
encaps,A_fixedKey_randomInput,4,31.177044,65846710
decaps,A_fixedKey_randomInput,4,55.882035,118023360
encaps,G0_fixedKey_fixedInput,6,34.799203,73498548
decaps,G0_fixedKey_fixedInput,6,57.569907,121588232
keygen,B_freshKey_fixedInput,4,26.436171,55834010
encaps,B_freshKey_fixedInput,4,59.671513,126026832
decaps,B_freshKey_fixedInput,4,99.260168,209638324
keygen,B_freshKey_fixedInput,5,39.335271,83077308
encaps,B_freshKey_fixedInput,5,91.365103,192964230
decaps,B_freshKey_fixedInput,5,95.668522,202052788
keygen,C_freshKey_randomInput,6,29.403716,62101602
encaps,C_freshKey_randomInput,6,54.524307,115155942
decaps,C_freshKey_randomInput,6,69.204207,146159896
encaps,G0_fixedKey_fixedInput,7,39.839442,84142982
decaps,G0_fixedKey_fixedInput,7,39.889081,84246108
encaps,A_fixedKey_randomInput,5,27.014820,57057256
decaps,A_fixedKey_randomInput,5,39.040054,82452966
encaps,G0_fixedKey_fixedInput,8,28.378734,59938642
decaps,G0_fixedKey_fixedInput,8,53.003044,111942908
keygen,B_freshKey_fixedInput,6,17.058813,36031334
encaps,B_freshKey_fixedInput,6,31.774038,67107232
decaps,B_freshKey_fixedInput,6,62.306202,131591428
keygen,C_freshKey_randomInput,7,15.893991,33569142
encaps,C_freshKey_randomInput,7,40.497070,85530408
decaps,C_freshKey_randomInput,7,72.941517,154872426
keygen,B_freshKey_fixedInput,7,18.896252,39912351
encaps,B_freshKey_fixedInput,7,31.000777,65473948
decaps,B_freshKey_fixedInput,7,62.795265,132624111
encaps,A_fixedKey_randomInput,6,43.140363,91115384
decaps,A_fixedKey_randomInput,6,86.722380,183158540
encaps,G0_fixedKey_fixedInput,9,57.424878,121282580
decaps,G0_fixedKey_fixedInput,9,136.814662,288953974
encaps,A_fixedKey_randomInput,7,87.145391,184052520
decaps,A_fixedKey_randomInput,7,56.125670,118538044
encaps,A_fixedKey_randomInput,8,40.274196,85066184
decaps,A_fixedKey_randomInput,8,65.997805,139387934
keygen,C_freshKey_randomInput,8,22.328408,47159970
encaps,C_freshKey_randomInput,8,35.077502,74084128
decaps,C_freshKey_randomInput,8,73.826072,155922934
keygen,B_freshKey_fixedInput,8,19.948452,42141800
encaps,B_freshKey_fixedInput,8,32.086369,67766902
decaps,B_freshKey_fixedInput,8,53.626976,113260732
encaps,A_fixedKey_randomInput,9,153.583645,324373606
decaps,A_fixedKey_randomInput,9,48.805571,103077836
keygen,B_freshKey_fixedInput,9,13.163055,27800900
encaps,B_freshKey_fixedInput,9,37.362264,78909672
decaps,B_freshKey_fixedInput,9,131.012504,276699458
keygen,C_freshKey_randomInput,9,64.141974,135468682
encaps,C_freshKey_randomInput,9,31.578565,66694316
decaps,C_freshKey_randomInput,9,67.133497,141786626
